Curry Stephen, Lillard Damian, Thompson Klay, Stuckey Rodney, Anthony Carmelo, Barnes Harrison, Speights Marreese, Scola Luis, Varejao Anderson
Curry Stephen, Irving Kyrie, Thompson Klay, Matthews Wes, Barnes Harrison, Marion Shawn, Aldridge LaMarcus, Stoudemire Amare, Varejao Anderson
Curry Stephen, Irving Kyrie, Thompson Klay, Matthews Wes, Barnes Harrison, Marion Shawn, Aldridge LaMarcus, Speights Marreese, Varejao Anderson
Curry Stephen, Irving Kyrie, Thompson Klay, Stuckey Rodney, Anthony Carmelo, Barnes Harrison, Stoudemire Amare, Speights Marreese, Varejao Anderson
Curry Stephen, Holiday Jrue, Thompson Klay, Matthews Wes, Anthony Carmelo, Barnes Harrison, Stoudemire Amare, Speights Marreese, Varejao Anderson
Curry Stephen, Holiday Jrue, Thompson Klay, Matthews Wes, Anthony Carmelo, Barnes Harrison, Stoudemire Amare, Scola Luis, Varejao Anderson
Curry Stephen, Holiday Jrue, Thompson Klay, Matthews Wes, Anthony Carmelo, Barnes Harrison, Speights Marreese, Scola Luis, Varejao Anderson
Curry Stephen, Watson C.J., Thompson Klay, Matthews Wes, Anthony Carmelo, Barnes Harrison, Aldridge LaMarcus, Stoudemire Amare, Mahinmi Ian
Curry Stephen, Watson C.J., Thompson Klay, Matthews Wes, Anthony Carmelo, Barnes Harrison, Aldridge LaMarcus, Speights Marreese, Mahinmi Ian
Curry Stephen, Watson C.J., Thompson Klay, Matthews Wes, Anthony Carmelo, Marion Shawn, Aldridge LaMarcus, Stoudemire Amare, Varejao Anderson
Curry Stephen, Watson C.J., Thompson Klay, Matthews Wes, Anthony Carmelo, Marion Shawn, Aldridge LaMarcus, Speights Marreese, Varejao Anderson
Curry Stephen, Watson C.J., Thompson Klay, Stuckey Rodney, Anthony Carmelo, Barnes Harrison, Aldridge LaMarcus, Stoudemire Amare, Varejao Anderson
Curry Stephen, Watson C.J., Thompson Klay, Stuckey Rodney, Anthony Carmelo, Barnes Harrison, Aldridge LaMarcus, Speights Marreese, Varejao Anderson
Curry Stephen, Watson C.J., Thompson Klay, Shumpert Iman, Anthony Carmelo, Barnes Harrison, Aldridge LaMarcus, Speights Marreese, Varejao Anderson
Lillard Damian, Irving Kyrie, Thompson Klay, Matthews Wes, Anthony Carmelo, Barnes Harrison, Stoudemire Amare, Speights Marreese, Varejao Anderson
Lillard Damian, Watson C.J., Thompson Klay, Matthews Wes, Anthony Carmelo, Barnes Harrison, Aldridge LaMarcus, Stoudemire Amare, Varejao Anderson
Lillard Damian, Watson C.J., Thompson Klay, Matthews Wes, Anthony Carmelo, Barnes Harrison, Aldridge LaMarcus, Speights Marreese, Varejao Anderson
Irving Kyrie, Watson C.J., Thompson Klay, Matthews Wes, Anthony Carmelo, Barnes Harrison, Aldridge LaMarcus, Stoudemire Amare, Varejao Anderson
Irving Kyrie, Watson C.J., Thompson Klay, Matthews Wes, Anthony Carmelo, Barnes Harrison, Aldridge LaMarcus, Speights Marreese, Varejao Anderson
Holiday Jrue, Watson C.J., Thompson Klay, Matthews Wes, Anthony Carmelo, Barnes Harrison, Aldridge LaMarcus, Stoudemire Amare, Bogut Andrew
Holiday Jrue, Watson C.J., Thompson Klay, Matthews Wes, Anthony Carmelo, Barnes Harrison, Aldridge LaMarcus, Speights Marreese, Bogut Andrew
